<?xml version="1.0" encoding="UTF-8"?>
<office:document-meta xmlns:grddl="http://www.w3.org/2003/g/data-view#" xmlns:meta="urn:oasis:names:tc:opendocument:xmlns:meta:1.0" xmlns:dc="http://purl.org/dc/elements/1.1/" xmlns:xlink="http://www.w3.org/1999/xlink" xmlns:ooo="http://openoffice.org/2004/office" xmlns:office="urn:oasis:names:tc:opendocument:xmlns:office:1.0" office:version="1.3"><office:meta><meta:creation-date>2024-04-01T13:25:44.656603509</meta:creation-date><dc:date>2024-04-01T18:39:07.581817722</dc:date><meta:editing-duration>PT1H34M41S</meta:editing-duration><meta:editing-cycles>16</meta:editing-cycles><meta:generator>LibreOffice/7.6.5.2$Linux_X86_64 LibreOffice_project/60$Build-2</meta:generator><meta:document-statistic meta:table-count="1" meta:cell-count="47" meta:object-count="0"/></office:meta></office:document-meta>