<?xml version="1.0" encoding="UTF-8"?>
<office:document-styles xmlns:presentation="urn:oasis:names:tc:opendocument:xmlns:presentation:1.0" xmlns:css3t="http://www.w3.org/TR/css3-text/" xmlns:grddl="http://www.w3.org/2003/g/data-view#" xmlns:xhtml="http://www.w3.org/1999/xhtml" xmlns:dom="http://www.w3.org/2001/xml-events" xmlns:script="urn:oasis:names:tc:opendocument:xmlns:script:1.0" xmlns:form="urn:oasis:names:tc:opendocument:xmlns:form:1.0" xmlns:math="http://www.w3.org/1998/Math/MathML" xmlns:office="urn:oasis:names:tc:opendocument:xmlns:office:1.0" xmlns:ooo="http://openoffice.org/2004/office" xmlns:fo="urn:oasis:names:tc:opendocument:xmlns:xsl-fo-compatible:1.0" xmlns:ooow="http://openoffice.org/2004/writer" xmlns:xlink="http://www.w3.org/1999/xlink" xmlns:drawooo="http://openoffice.org/2010/draw" xmlns:oooc="http://openoffice.org/2004/calc" xmlns:dc="http://purl.org/dc/elements/1.1/" xmlns:calcext="urn:org:documentfoundation:names:experimental:calc:xmlns:calcext:1.0" xmlns:style="urn:oasis:names:tc:opendocument:xmlns:style:1.0" xmlns:text="urn:oasis:names:tc:opendocument:xmlns:text:1.0" xmlns:of="urn:oasis:names:tc:opendocument:xmlns:of:1.2" xmlns:tableooo="http://openoffice.org/2009/table" xmlns:draw="urn:oasis:names:tc:opendocument:xmlns:drawing:1.0" xmlns:dr3d="urn:oasis:names:tc:opendocument:xmlns:dr3d:1.0" xmlns:rpt="http://openoffice.org/2005/report" xmlns:svg="urn:oasis:names:tc:opendocument:xmlns:svg-compatible:1.0" xmlns:chart="urn:oasis:names:tc:opendocument:xmlns:chart:1.0" xmlns:table="urn:oasis:names:tc:opendocument:xmlns:table:1.0" xmlns:meta="urn:oasis:names:tc:opendocument:xmlns:meta:1.0" xmlns:loext="urn:org:documentfoundation:names:experimental:office:xmlns:loext:1.0" xmlns:number="urn:oasis:names:tc:opendocument:xmlns:datastyle:1.0" xmlns:field="urn:openoffice:names:experimental:ooo-ms-interop:xmlns:field:1.0" office:version="1.3"><office:font-face-decls><style:font-face style:name="Liberation Mono" svg:font-family="&apos;Liberation Mono&apos;" style:font-family-generic="modern" style:font-pitch="fixed"/><style:font-face style:name="Liberation Sans" svg:font-family="&apos;Liberation Sans&apos;" style:font-family-generic="swiss" style:font-pitch="variable"/><style:font-face style:name="Noto Sans CJK SC" svg:font-family="&apos;Noto Sans CJK SC&apos;" style:font-family-generic="system" style:font-pitch="variable"/><style:font-face style:name="Noto Sans Devanagari" svg:font-family="&apos;Noto Sans Devanagari&apos;" style:font-family-generic="system" style:font-pitch="variable"/></office:font-face-decls><office:styles><style:default-style style:family="table-cell"><style:paragraph-properties style:tab-stop-distance="1.25cm"/><style:text-properties style:font-name="Liberation Sans" fo:font-size="10pt" fo:language="en" fo:country="CA" style:font-name-asian="Noto Sans CJK SC" style:font-size-asian="10pt" style:language-asian="zh" style:country-asian="CN" style:font-name-complex="Noto Sans Devanagari" style:font-size-complex="10pt" style:language-complex="hi" style:country-complex="IN"/></style:default-style><style:default-style style:family="graphic"><style:graphic-properties svg:stroke-color="#3465a4" draw:fill-color="#729fcf" fo:wrap-option="no-wrap" draw:shadow-offset-x="0.3cm" draw:shadow-offset-y="0.3cm" style:writing-mode="page"/><style:paragraph-properties style:text-autospace="ideograph-alpha" style:punctuation-wrap="simple" style:line-break="strict" loext:tab-stop-distance="0cm" style:writing-mode="page" style:font-independent-line-spacing="false"><style:tab-stops/></style:paragraph-properties><style:text-properties style:use-window-font-color="true" loext:opacity="0%" fo:font-family="&apos;Liberation Serif&apos;" style:font-family-generic="roman" style:font-pitch="variable" fo:font-size="12pt" fo:language="en" fo:country="CA" style:letter-kerning="true" style:font-family-asian="Tahoma" style:font-family-generic-asian="system" style:font-pitch-asian="variable" style:font-size-asian="12pt" style:language-asian="zh" style:country-asian="CN" style:font-family-complex="Tahoma" style:font-family-generic-complex="system" style:font-pitch-complex="variable" style:font-size-complex="12pt" style:language-complex="hi" style:country-complex="IN"/></style:default-style><style:style style:name="Default" style:family="graphic"/><style:style style:name="Note" style:family="graphic" style:parent-style-name="Default"><style:graphic-properties draw:stroke="solid" draw:marker-start="Arrowheads_20_1" draw:marker-start-width="0.2cm" draw:marker-start-center="false" draw:fill="solid" draw:fill-color="#ffffc0" draw:auto-grow-height="true" draw:auto-grow-width="false" fo:padding-top="0.1cm" fo:padding-bottom="0.1cm" fo:padding-left="0.1cm" fo:padding-right="0.1cm" draw:shadow="visible" draw:shadow-offset-x="0.1cm" draw:shadow-offset-y="0.1cm"/><style:text-properties style:font-name="Liberation Sans" fo:font-family="&apos;Liberation Sans&apos;" style:font-family-generic="swiss" style:font-pitch="variable" fo:font-size="10pt" style:font-name-asian="Noto Sans CJK SC" style:font-family-asian="&apos;Noto Sans CJK SC&apos;" style:font-family-generic-asian="system" style:font-pitch-asian="variable" style:font-size-asian="10pt" style:font-name-complex="Noto Sans Devanagari" style:font-family-complex="&apos;Noto Sans Devanagari&apos;" style:font-family-generic-complex="system" style:font-pitch-complex="variable" style:font-size-complex="10pt"/></style:style><number:number-style style:name="N0"><number:number number:min-integer-digits="1"/></number:number-style><style:style style:name="Default" style:family="table-cell"/><style:style style:name="Heading" style:family="table-cell" style:parent-style-name="Default"><style:table-cell-properties fo:wrap-option="no-wrap" style:shrink-to-fit="false"/><style:text-properties fo:color="#000000" fo:font-size="24pt" fo:font-style="normal" fo:font-weight="bold" style:font-size-asian="24pt" style:font-style-asian="normal" style:font-weight-asian="bold" style:font-size-complex="24pt" style:font-style-complex="normal" style:font-weight-complex="bold"/></style:style><style:style style:name="Heading_20_1" style:display-name="Heading 1" style:family="table-cell" style:parent-style-name="Heading"><style:table-cell-properties fo:wrap-option="no-wrap" style:shrink-to-fit="false"/><style:text-properties fo:font-size="18pt" style:font-size-asian="18pt" style:font-size-complex="18pt"/></style:style><style:style style:name="Heading_20_2" style:display-name="Heading 2" style:family="table-cell" style:parent-style-name="Heading"><style:table-cell-properties fo:wrap-option="no-wrap" style:shrink-to-fit="false"/><style:text-properties fo:font-size="12pt" style:font-size-asian="12pt" style:font-size-complex="12pt"/></style:style><style:style style:name="Text" style:family="table-cell" style:parent-style-name="Default"><style:table-cell-properties fo:wrap-option="no-wrap" style:shrink-to-fit="false"/></style:style><style:style style:name="Note" style:family="table-cell" style:parent-style-name="Text"><style:table-cell-properties fo:background-color="#ffffcc" style:diagonal-bl-tr="none" style:diagonal-tl-br="none" fo:wrap-option="no-wrap" fo:border="0.74pt solid #808080" style:shrink-to-fit="false"/><style:text-properties fo:color="#333333"/></style:style><style:style style:name="Footnote" style:family="table-cell" style:parent-style-name="Text"><style:table-cell-properties fo:wrap-option="no-wrap" style:shrink-to-fit="false"/><style:text-properties fo:color="#808080" fo:font-style="italic" style:font-style-asian="italic" style:font-style-complex="italic"/></style:style><style:style style:name="Hyperlink" style:family="table-cell" style:parent-style-name="Text"><style:table-cell-properties fo:wrap-option="no-wrap" style:shrink-to-fit="false"/><style:text-properties fo:color="#0000ee" style:text-underline-style="solid" style:text-underline-width="auto" style:text-underline-color="#0000ee"/></style:style><style:style style:name="Status" style:family="table-cell" style:parent-style-name="Default"><style:table-cell-properties fo:wrap-option="no-wrap" style:shrink-to-fit="false"/></style:style><style:style style:name="Good" style:family="table-cell" style:parent-style-name="Status"><style:table-cell-properties fo:background-color="#ccffcc" fo:wrap-option="no-wrap" style:shrink-to-fit="false"/><style:text-properties fo:color="#006600"/></style:style><style:style style:name="Neutral" style:family="table-cell" style:parent-style-name="Status"><style:table-cell-properties fo:background-color="#ffffcc" fo:wrap-option="no-wrap" style:shrink-to-fit="false"/><style:text-properties fo:color="#996600"/></style:style><style:style style:name="Bad" style:family="table-cell" style:parent-style-name="Status"><style:table-cell-properties fo:background-color="#ffcccc" fo:wrap-option="no-wrap" style:shrink-to-fit="false"/><style:text-properties fo:color="#cc0000"/></style:style><style:style style:name="Warning" style:family="table-cell" style:parent-style-name="Status"><style:table-cell-properties fo:wrap-option="no-wrap" style:shrink-to-fit="false"/><style:text-properties fo:color="#cc0000"/></style:style><style:style style:name="Error" style:family="table-cell" style:parent-style-name="Status"><style:table-cell-properties fo:background-color="#cc0000" fo:wrap-option="no-wrap" style:shrink-to-fit="false"/><style:text-properties fo:color="#ffffff" fo:font-weight="bold" style:font-weight-asian="bold" style:font-weight-complex="bold"/></style:style><style:style style:name="Accent" style:family="table-cell" style:parent-style-name="Default"><style:table-cell-properties fo:wrap-option="no-wrap" style:shrink-to-fit="false"/><style:text-properties fo:font-weight="bold" style:font-weight-asian="bold" style:font-weight-complex="bold"/></style:style><style:style style:name="Accent_20_1" style:display-name="Accent 1" style:family="table-cell" style:parent-style-name="Accent"><style:table-cell-properties fo:background-color="#000000" fo:wrap-option="no-wrap" style:shrink-to-fit="false"/><style:text-properties fo:color="#ffffff"/></style:style><style:style style:name="Accent_20_2" style:display-name="Accent 2" style:family="table-cell" style:parent-style-name="Accent"><style:table-cell-properties fo:background-color="#808080" fo:wrap-option="no-wrap" style:shrink-to-fit="false"/><style:text-properties fo:color="#ffffff"/></style:style><style:style style:name="Accent_20_3" style:display-name="Accent 3" style:family="table-cell" style:parent-style-name="Accent"><style:table-cell-properties fo:background-color="#dddddd" fo:wrap-option="no-wrap" style:shrink-to-fit="false"/></style:style><style:style style:name="Result" style:family="table-cell" style:parent-style-name="Default"><style:table-cell-properties fo:wrap-option="no-wrap" style:shrink-to-fit="false"/><style:text-properties fo:font-style="italic" style:text-underline-style="solid" style:text-underline-width="auto" style:text-underline-color="font-color" fo:font-weight="bold" style:font-style-asian="italic" style:font-weight-asian="bold" style:font-style-complex="italic" style:font-weight-complex="bold"/></style:style><draw:marker draw:name="Arrowheads_20_1" draw:display-name="Arrowheads 1" svg:viewBox="0 0 20 30" svg:d="M10 0l-10 30h20z"/></office:styles><office:automatic-styles><number:number-style style:name="N2"><number:number number:decimal-places="2" number:min-decimal-places="2" number:min-integer-digits="1"/></number:number-style><style:page-layout style:name="Mpm1"><style:page-layout-properties style:writing-mode="lr-tb"/><style:header-style><style:header-footer-properties fo:min-height="0.75cm" fo:margin-left="0cm" fo:margin-right="0cm" fo:margin-bottom="0.25cm"/></style:header-style><style:footer-style><style:header-footer-properties fo:min-height="0.75cm" fo:margin-left="0cm" fo:margin-right="0cm" fo:margin-top="0.25cm"/></style:footer-style></style:page-layout><style:page-layout style:name="Mpm2"><style:page-layout-properties style:writing-mode="lr-tb"/><style:header-style><style:header-footer-properties fo:min-height="0.75cm" fo:margin-left="0cm" fo:margin-right="0cm" fo:margin-bottom="0.25cm" fo:border="1.5pt solid #000000" fo:padding="0.018cm" fo:background-color="#c0c0c0"><style:background-image/></style:header-footer-properties></style:header-style><style:footer-style><style:header-footer-properties fo:min-height="0.75cm" fo:margin-left="0cm" fo:margin-right="0cm" fo:margin-top="0.25cm" fo:border="1.5pt solid #000000" fo:padding="0.018cm" fo:background-color="#c0c0c0"><style:background-image/></style:header-footer-properties></style:footer-style></style:page-layout></office:automatic-styles><office:master-styles><style:master-page style:name="Default" style:page-layout-name="Mpm1"><style:header><text:p><text:sheet-name>???</text:sheet-name></text:p></style:header><style:header-left style:display="false"/><style:header-first style:display="false"/><style:footer><text:p>Page <text:page-number>1</text:page-number></text:p></style:footer><style:footer-left style:display="false"/><style:footer-first style:display="false"/></style:master-page><style:master-page style:name="Report" style:page-layout-name="Mpm2"><style:header><style:region-left><text:p><text:sheet-name>???</text:sheet-name><text:s/>(<text:title>???</text:title>)</text:p></style:region-left><style:region-right><text:p><text:date style:data-style-name="N2" text:date-value="2024-04-01">0000-00-00</text:date>, <text:time style:data-style-name="N2" text:time-value="18:23:17.872547825">00:00:00</text:time></text:p></style:region-right></style:header><style:header-left style:display="false"/><style:header-first style:display="false"/><style:footer><text:p>Page <text:page-number>1</text:page-number><text:s/>/ <text:page-count>99</text:page-count></text:p></style:footer><style:footer-left style:display="false"/><style:footer-first style:display="false"/></style:master-page></office:master-styles></office:document-styles>